DOI,keyword
10.1109/tvcg.2023.3327398,Augmented Reality
10.1109/tvcg.2023.3327398,Situated Visualization
10.1109/tvcg.2023.3327398,Design Patterns
10.1109/tvcg.2023.3327398,AR Interfaces
10.1109/tvcg.2023.3327398,Visualization Techniques
10.1109/tvcg.2023.3327195,Uncertainty Visualization
10.1109/tvcg.2023.3327195,Statistical Distributions
10.1109/tvcg.2023.3327195,Grammar of Graphics
10.1109/tvcg.2023.3327195,ggplot2
10.1109/tvcg.2023.3327195,R Programming
10.1109/tvcg.2023.3327168,Prompt Engineering
10.1109/tvcg.2023.3327168,Text-to-Image
10.1109/tvcg.2023.3327168,Generative AI
10.1109/tvcg.2023.3327168,Human-Computer Interaction
10.1109/tvcg.2023.3327168,Interactive Systems
10.1109/tvcg.2023.3327378,Data Visualization Education
10.1109/tvcg.2023.3327378,Curriculum Design
10.1109/tvcg.2023.3327378,Teaching Methods
10.1109/tvcg.2023.3327378,Pedagogy
10.1109/tvcg.2023.3327378,Educational Challenges
10.1109/tvcg.2023.3327385,Affective Computing
10.1109/tvcg.2023.3327385,Emotional Design
10.1109/tvcg.2023.3327385,Data Visualization
10.1109/tvcg.2023.3327385,User Experience
10.1109/tvcg.2023.3327385,Human Factors
10.1109/tvcg.2023.3327396,AI-Assisted Systems
10.1109/tvcg.2023.3327396,Task Guidance
10.1109/tvcg.2023.3327396,Augmented Reality
10.1109/tvcg.2023.3327396,Human-Robot Interaction
10.1109/tvcg.2023.3327396,Visual Guidance
10.1109/tvcg.2023.3326913,Generative Models
10.1109/tvcg.2023.3326913,Semantic Context
10.1109/tvcg.2023.3326913,Chart Design
10.1109/tvcg.2023.3326913,Text-to-Image
10.1109/tvcg.2023.3326913,Data Storytelling
10.1109/tvcg.2023.3327368,Immersive Analytics
10.1109/tvcg.2023.3327368,Systematic Review
10.1109/tvcg.2023.3327368,Design Space
10.1109/tvcg.2023.3327368,Virtual Reality
10.1109/tvcg.2023.3327368,3D Visualization
10.1109/tvcg.2023.3327197,Data Videos
10.1109/tvcg.2023.3327197,Automatic Generation
10.1109/tvcg.2023.3327197,Narration
10.1109/tvcg.2023.3327197,Animation
10.1109/tvcg.2023.3327197,Storytelling
10.1109/tvcg.2023.3326517,Virtual Reality
10.1109/tvcg.2023.3326517,Spatial Selection
10.1109/tvcg.2023.3326517,Target Awareness
10.1109/tvcg.2023.3326517,Context Awareness
10.1109/tvcg.2023.3326517,3D Interaction
10.1109/tvcg.2023.3326579,Trust in Visualization
10.1109/tvcg.2023.3326579,Empirical Study
10.1109/tvcg.2023.3326579,Data Credibility
10.1109/tvcg.2023.3326579,User Trust
10.1109/tvcg.2023.3326579,Visualization Ethics
10.1109/tvcg.2023.3327170,Sketch Interaction
10.1109/tvcg.2023.3327170,Computational Notebooks
10.1109/tvcg.2023.3327170,Documentation
10.1109/tvcg.2023.3327170,Chart Analysis
10.1109/tvcg.2023.3327170,Jupyter
10.1109/tvcg.2023.3326597,Invertible Visualization
10.1109/tvcg.2023.3326597,Data Embedding
10.1109/tvcg.2023.3326597,Large-Scale Data
10.1109/tvcg.2023.3326597,Dimensionality Reduction
10.1109/tvcg.2023.3326597,Interactive Visualization
10.1109/tvcg.2023.3327163,Transformer Models
10.1109/tvcg.2023.3327163,Attention Mechanisms
10.1109/tvcg.2023.3327163,Explainable AI
10.1109/tvcg.2023.3327163,Neural Networks
10.1109/tvcg.2023.3327163,Model Interpretation
10.1109/tvcg.2023.3327356,Election Visualization
10.1109/tvcg.2023.3327356,Political Communication
10.1109/tvcg.2023.3327356,Public Opinion
10.1109/tvcg.2023.3327356,Trust
10.1109/tvcg.2023.3327356,Data Journalism
10.1109/tvcg.2023.3327363,Data Stories
10.1109/tvcg.2023.3327363,Adaptive Systems
10.1109/tvcg.2023.3327363,User Feedback
10.1109/tvcg.2023.3327363,Machine Guidance
10.1109/tvcg.2023.3327363,Narrative Generation
10.1109/tvcg.2023.3326929,Medical Visualization
10.1109/tvcg.2023.3326929,Historical Records
10.1109/tvcg.2023.3326929,Diagnostic Learning
10.1109/tvcg.2023.3326929,Multimodal Modeling
10.1109/tvcg.2023.3326929,Healthcare Education
10.1109/tvcg.2023.3326598,Urban Analytics
10.1109/tvcg.2023.3326598,Grammar-Based Systems
10.1109/tvcg.2023.3326598,Visual Analytics
10.1109/tvcg.2023.3326598,City Planning
10.1109/tvcg.2023.3326598,Geographic Visualization
10.1109/tvcg.2023.3326937,Accessibility
10.1109/tvcg.2023.3326937,Sensory Substitution
10.1109/tvcg.2023.3326937,Sonification
10.1109/tvcg.2023.3326937,Touchscreen
10.1109/tvcg.2023.3326937,Data Accessibility
10.1109/tvcg.2023.3327393,Data Navigation
10.1109/tvcg.2023.3327393,Accessibility
10.1109/tvcg.2023.3327393,Assistive Technology
10.1109/tvcg.2023.3327393,Visual Impairment
10.1109/tvcg.2023.3327393,Inclusive Design
10.1109/tvcg.2023.3327194,Scene Representation
10.1109/tvcg.2023.3327194,Multi-Grid Networks
10.1109/tvcg.2023.3327194,Large-Scale Data
10.1109/tvcg.2023.3327194,Neural Representations
10.1109/tvcg.2023.3327194,Adaptive Systems
10.1109/tvcg.2023.3326594,Visual Exploration
10.1109/tvcg.2023.3326594,Aggregate Queries
10.1109/tvcg.2023.3326594,Scalable Visualization
10.1109/tvcg.2023.3326594,Data Sculpting
10.1109/tvcg.2023.3326594,Interactive Analysis
10.1109/tvcg.2023.3327185,Climate Communication
10.1109/tvcg.2023.3327185,Data Journalism
10.1109/tvcg.2023.3327185,Environmental Visualization
10.1109/tvcg.2023.3327185,Constructive News
10.1109/tvcg.2023.3327185,Climate Change
10.1109/tvcg.2023.3327367,Data Profiling
10.1109/tvcg.2023.3327367,Interactive Data Science
10.1109/tvcg.2023.3327367,Data Quality
10.1109/tvcg.2023.3327367,Continuous Analysis
10.1109/tvcg.2023.3327367,Data Management
10.1109/tvcg.2023.3327158,Dashboard Design
10.1109/tvcg.2023.3327158,Cooperative Work
10.1109/tvcg.2023.3327158,Design Heuristics
10.1109/tvcg.2023.3327158,Collaborative Visualization
10.1109/tvcg.2023.3327158,Business Intelligence
10.1109/tvcg.2023.3326520,Sketch-Based Interfaces
10.1109/tvcg.2023.3326520,Timeline Visualization
10.1109/tvcg.2023.3326520,Authoring Tools
10.1109/tvcg.2023.3326520,Flexible Design
10.1109/tvcg.2023.3326520,Temporal Data
10.1109/tvcg.2023.3326904,Knowledge Graphs
10.1109/tvcg.2023.3326904,Graph Visualization
10.1109/tvcg.2023.3326904,Semantic Web
10.1109/tvcg.2023.3326904,User Studies
10.1109/tvcg.2023.3326904,Enterprise Systems
10.1109/tvcg.2023.3326522,Natural Language Processing
10.1109/tvcg.2023.3326522,Color Palettes
10.1109/tvcg.2023.3326522,Chart Design
10.1109/tvcg.2023.3326522,Color Theory
10.1109/tvcg.2023.3326522,Automated Design
10.1109/tvcg.2023.3326525,Dashboard Systems
10.1109/tvcg.2023.3326525,Socio-Technical Systems
10.1109/tvcg.2023.3326525,Organizational Change
10.1109/tvcg.2023.3326525,Business Intelligence
10.1109/tvcg.2023.3326525,Enterprise Software
10.1109/tvcg.2023.3327200,Time Series Analysis
10.1109/tvcg.2023.3327200,Reinforcement Learning
10.1109/tvcg.2023.3327200,Guided Exploration
10.1109/tvcg.2023.3327200,Visual Analytics
10.1109/tvcg.2023.3327200,Machine Learning
10.1109/tvcg.2023.3327201,Cluster Analysis
10.1109/tvcg.2023.3327201,Perceptual Variability
10.1109/tvcg.2023.3327201,Ambiguity Measurement
10.1109/tvcg.2023.3327201,Visual Clustering
10.1109/tvcg.2023.3327201,Evaluation Metrics
10.1109/tvcg.2023.3326586,Video Analytics
10.1109/tvcg.2023.3326586,Visual Programming
10.1109/tvcg.2023.3326586,Interactive Systems
10.1109/tvcg.2023.3326586,Multimedia Analysis
10.1109/tvcg.2023.3326586,Video Processing
10.1109/tvcg.2023.3327161,Sports Analytics
10.1109/tvcg.2023.3327161,Immersive Video
10.1109/tvcg.2023.3327161,Badminton
10.1109/tvcg.2023.3327161,Coaching Systems
10.1109/tvcg.2023.3327161,Performance Analysis
10.1109/tvcg.2023.3326593,Decision Support
10.1109/tvcg.2023.3326593,Visualization Tools
10.1109/tvcg.2023.3326593,Critical Analysis
10.1109/tvcg.2023.3326593,Choice Architecture
10.1109/tvcg.2023.3326593,Decision Making
10.1109/tvcg.2023.3327387,Innovation Analytics
10.1109/tvcg.2023.3327387,Science Mapping
10.1109/tvcg.2023.3327387,Technology Trends
10.1109/tvcg.2023.3327387,Dual Frontiers
10.1109/tvcg.2023.3327387,Research Analytics
10.1109/tvcg.2023.3326600,t-SNE
10.1109/tvcg.2023.3326600,Dimensionality Reduction
10.1109/tvcg.2023.3326600,Class Constraints
10.1109/tvcg.2023.3326600,Machine Learning
10.1109/tvcg.2023.3326600,Feature Visualization
10.1109/tvcg.2023.3326943,Health Visualization
10.1109/tvcg.2023.3326943,Pediatric Analytics
10.1109/tvcg.2023.3326943,Multimodal Data
10.1109/tvcg.2023.3326943,Mental Health
10.1109/tvcg.2023.3326943,Physical Health
10.1109/tvcg.2023.3327187,Dimensionality Reduction
10.1109/tvcg.2023.3327187,Evaluation Metrics
10.1109/tvcg.2023.3327187,Cluster Validation
10.1109/tvcg.2023.3327187,Label-Based Evaluation
10.1109/tvcg.2023.3327187,Machine Learning
10.1109/tvcg.2023.3327371,Differentiable Rendering
10.1109/tvcg.2023.3327371,Transfer Functions
10.1109/tvcg.2023.3327371,Design Galleries
10.1109/tvcg.2023.3327371,Volume Visualization
10.1109/tvcg.2023.3327371,Optimization
10.1109/tvcg.2023.3326934,Grid Layout
10.1109/tvcg.2023.3326934,Cluster Awareness
10.1109/tvcg.2023.3326934,Graph Drawing
10.1109/tvcg.2023.3326934,Layout Algorithms
10.1109/tvcg.2023.3326934,Information Visualization
