1;Harvard University;1350 Massachusetts Ave, Cambridge, MA 02138, USA
2;University of Oxford;Wellington Square, Oxford OX1 2JD, UK
3;ETH Zurich;Rämistrasse 101, 8092 Zürich, Switzerland
4;University of Tokyo;7 Chome-3-1 Hongo, Bunkyo City, Tokyo 113-8654, Japan
5;University of Toronto;27 King's College Cir, Toronto, ON M5S, Canada
6;Max Planck Society;Hofgartenstraße 8, 80539 München, Germany
7;University of Sydney;Camperdown NSW 2006, Australia
8;National University of Singapore;21 Lower Kent Ridge Rd, Singapore 119077
9;University of Copenhagen;Nørregade 10, 1165 København, Denmark
10;Karolinska Institute;Solnavägen 1, 171 65 Solna, Sweden
11;California Institute of Technology;1200 E California Blvd, Pasadena, CA 91125, USA
12;University of Edinburgh;Old College, South Bridge, Edinburgh EH8 9YL, UK
13;Sorbonne University;21 Rue de l'École de Médecine, 75006 Paris, France
14;Seoul National University;1 Gwanak-ro, Gwanak-gu, Seoul, South Korea
15;University of Cape Town;Rondebosch, Cape Town, 7700, South Africa
