keyword_id;keyword
1;Augmented Reality
2;Situated Visualization
3;Design Patterns
4;AR Interfaces
5;Visualization Techniques
6;Uncertainty Visualization
7;Statistical Distributions
8;Grammar of Graphics
9;ggplot2
10;R Programming
11;Prompt Engineering
12;Text-to-Image
13;Generative AI
14;Human-Computer Interaction
15;Interactive Systems
16;Data Visualization Education
17;Curriculum Design
18;Teaching Methods
19;Pedagogy
20;Educational Challenges
21;Affective Computing
22;Emotional Design
23;Data Visualization
24;User Experience
25;Human Factors
26;AI-Assisted Systems
27;Task Guidance
28;Human-Robot Interaction
29;Visual Guidance
30;Generative Models
31;Semantic Context
32;Chart Design
33;Data Storytelling
34;Immersive Analytics
35;Systematic Review
36;Design Space
37;Virtual Reality
38;3D Visualization
39;Data Videos
40;Automatic Generation
41;Narration
42;Animation
43;Storytelling
44;Spatial Selection
45;Target Awareness
46;Context Awareness
47;3D Interaction
48;Trust in Visualization
49;Empirical Study
50;Data Credibility
51;User Trust
52;Visualization Ethics
53;Sketch Interaction
54;Computational Notebooks
55;Documentation
56;Chart Analysis
57;Jupyter
58;Invertible Visualization
59;Data Embedding
60;Large-Scale Data
61;Dimensionality Reduction
62;Interactive Visualization
63;Transformer Models
64;Attention Mechanisms
65;Explainable AI
66;Neural Networks
67;Model Interpretation
68;Election Visualization
69;Political Communication
70;Public Opinion
71;Trust
72;Data Journalism
73;Data Stories
74;Adaptive Systems
75;User Feedback
76;Machine Guidance
77;Narrative Generation
78;Medical Visualization
79;Historical Records
80;Diagnostic Learning
81;Multimodal Modeling
82;Healthcare Education
83;Urban Analytics
84;Grammar-Based Systems
85;Visual Analytics
86;City Planning
87;Geographic Visualization
88;Accessibility
89;Sensory Substitution
90;Sonification
91;Touchscreen
92;Data Accessibility
93;Data Navigation
94;Assistive Technology
95;Visual Impairment
96;Inclusive Design
97;Scene Representation
98;Multi-Grid Networks
99;Neural Representations
100;Visual Exploration
101;Aggregate Queries
102;Scalable Visualization
103;Data Sculpting
104;Interactive Analysis
105;Climate Communication
106;Environmental Visualization
107;Constructive News
108;Climate Change
109;Data Profiling
110;Interactive Data Science
111;Data Quality
112;Continuous Analysis
113;Data Management
114;Dashboard Design
115;Cooperative Work
116;Design Heuristics
117;Collaborative Visualization
118;Business Intelligence
119;Sketch-Based Interfaces
120;Timeline Visualization
121;Authoring Tools
122;Flexible Design
123;Temporal Data
124;Knowledge Graphs
125;Graph Visualization
126;Semantic Web
127;User Studies
128;Enterprise Systems
129;Natural Language Processing
130;Color Palettes
131;Color Theory
132;Automated Design
133;Dashboard Systems
134;Socio-Technical Systems
135;Organizational Change
136;Enterprise Software
137;Time Series Analysis
138;Reinforcement Learning
139;Guided Exploration
140;Machine Learning
141;Cluster Analysis
142;Perceptual Variability
143;Ambiguity Measurement
144;Visual Clustering
145;Evaluation Metrics
146;Video Analytics
147;Visual Programming
148;Multimedia Analysis
149;Video Processing
150;Sports Analytics
151;Immersive Video
152;Badminton
153;Coaching Systems
154;Performance Analysis
155;Decision Support
156;Visualization Tools
157;Critical Analysis
158;Choice Architecture
159;Decision Making
160;Innovation Analytics
161;Science Mapping
162;Technology Trends
163;Dual Frontiers
164;Research Analytics
165;t-SNE
166;Class Constraints
167;Feature Visualization
168;Health Visualization
169;Pediatric Analytics
170;Multimodal Data
171;Mental Health
172;Physical Health
173;Cluster Validation
174;Label-Based Evaluation
175;Differentiable Rendering
176;Transfer Functions
177;Design Galleries
178;Volume Visualization
179;Optimization
180;Grid Layout
181;Cluster Awareness
182;Graph Drawing
183;Layout Algorithms
184;Information Visualization
