1;John Smith
2;Emily Johnson
3;Michael Brown
4;Sarah Williams
5;David Jones
6;Jennifer Davis
7;Christopher Miller
8;Jessica Garcia
9;Matthew Wilson
10;Amanda Martinez
11;Daniel Anderson
12;Elizabeth Taylor
13;Robert Thomas
14;Michelle Moore
15;James Jackson
16;Laura Martin
17;Joshua Lee
18;Stephanie Perez
19;Andrew Thompson
20;Rebecca Harris
21;Kevin White
22;Nicole Clark
23;Brian Robinson
24;Samantha Lewis
25;Edward Walker
26;Megan Hall
27;Thomas Allen
28;Christina Young
29;Steven King
30;Olivia Scott
31;Paul Wright
32;Victoria Green
33;Mark Adams
34;Hannah Baker
35;George Nelson
36;Katherine Carter
37;Timothy Mitchell
38;Alexis Roberts
39;Richard Turner
40;Brittany Phillips
