hamessmith;user1@example.com;Γιώργος Παπαδόπουλος;d21197563ef4fb56e8e31d47b496177ca6595843569939e8090a71851d2eb3dd
Naughty-GF;user2@example.com;Μαρία Ιωάννου;eaba53f4902b9d540e9b458dfe940d22fa58340aa558af8ebba04c9593251049
Lelechrechre;user3@example.com;Νίκος Κωνσταντίνου;d03156b17252d82cf4b19adb015d5fbba1a330a918bacf2c966e3f4790290d32
LostBoy611;user4@example.com;Ελένη Γεωργίου;ceb0c76af9e0690f4a1f1b75228320d5aa05389d32e8cb84f2cc188f4f801218
Beercatforlife;user5@example.com;Παναγιώτης Χατζηδάκη;985420282c3642cd33c4da79946fda1b04fe63082c1a29b70edfece9c5624bbf
ilovecartoons_;user6@example.com;Αναστασία Στεφανίδη;082b962e6fb9b6e8e3e77b288a8e5c756fb620dce8d6740844f56a270f2dde8b
spongebob2086;user7@example.com;Δημήτρης Αλεξίου;d978dd0ffa8453792df94653da5ce8d0ef22b4f6c3f549d50c440c688548ffaf
Josh_kid;user8@example.com;Κατερίνα Αναστασίου;c1d4534b50b6bd19c7d1a0d8887815f57dc6b4ebf02bb154efac6dd33e32ad05
DSGrahamJr;user9@example.com;Στέλιος Νικολάου;0121bd1938e7e08f8aaeaf28b9c0a7624d075aa1e6d48a13bb72916e014fa7a6
qpqpqpqpqpqpqpqp;user10@example.com;Σοφία Παπαδόπουλος;ddb19f21c77cd44bc66cae35fff1d4a7a29d8d6dbcfc2a2568c3c96861a089e0
throwitallaway200;user11@example.com;Χρήστος Γιαννάκη;9f2f4de3020bfd082f2f61f669e06b5de64da3a22a0c29010bf40688746b1efe
Teufelsmietze;user12@example.com;Ιωάννα Στυλιανού;e4e13c688d35dab58df61687e03c9ed22ce57ca20720795d8f7535dda08a8f15
Rumblingtumblings;user13@example.com;Θανάσης Σωτηρίου;c0b8e8467039e074dbec730bf48f9a85f3dc627b51a7e714848009f69f1fd41c
cooliorama;user14@example.com;Βασιλική Μαρκουλάκη;86748c1d8e6464a9cd5b22d15dcdaf80ba114360f6506af1b85900b5f90b35b1
BruceTyson;user15@example.com;Αλέξανδρος Λαμπρόπουλος;ef47a11e3e653ada96020d2efc51488fd5881d67287cb083291bdb6dbde8745d
